strategy,n,pass_at_1,mbppplus_pass_at_1,mbppplus_n,avg_questions,avg_total_tokens
eig-tests,30,0.3,0.0,21,0.9333333333333333,1818.3333333333333
one-shot,30,0.23333333333333334,0.0,21,0.0,168.5
random-tests,30,0.2,0.0,21,1.3,1761.5333333333333
