strategy,n,pass_at_1,mbppplus_pass_at_1,mbppplus_n,avg_questions,avg_total_tokens
eig-tests,30,0.23333333333333334,0.0,21,0.5333333333333333,1675.6666666666667
one-shot,30,0.26666666666666666,0.0,21,0.0,169.9
random-tests,30,0.3,0.0,21,1.9333333333333333,1913.3333333333333
